Source ,Target
Kipas Angin,Polytron
Kipas Angin,Miyako
Kipas Angin,Cosmos
Kipas Angin,Panasonic
Kipas Angin,Maspion
Kipas Angin,Sanken
Kipas Angin,Philips
Kipas Angin ,Arashi
Kipas Angin,LG
Kipas Angin,Sharp
Mesin Cuci,Polytron
Mesin Cuci,Panasonic
Mesin Cuci,Polytron
Mesin Cuci,Arashi
Mesin Cuci,LG
Mesin Cuci,Sanken
Mesin Cuci,Philips
Rice Cooker,Polytron
Rice Cooker,Miyako
Rice Cooker,Cosmos
Rice Cooker,Maspion
Rice Cooker,Sharp
Rice Cooker,Sanken
Rice Cooker,Yongma
TV,Polytron
TV,Sharp
TV,LG
TV,Philips
TV,Panasonic
TV,Sanken
TV,Sony
TV,Samsung
TV,Akari
TV,CooCaa
